Time,VAV WITH REHEAT:DesPer 1:Des Heat Mass Flow [kg/s],VAV WITH REHEAT:DesPer 1:Des Heat Cap [W],VAV WITH REHEAT:DesPer 1:Des Cool Mass Flow [kg/s],VAV WITH REHEAT:DesPer 1:Des Sens Cool Cap [W],VAV WITH REHEAT:DesPer 1:Des Tot Cool Cap [W],VAV WITH REHEAT:DesPer 2:Des Heat Mass Flow [kg/s],VAV WITH REHEAT:DesPer 2:Des Heat Cap [W],VAV WITH REHEAT:DesPer 2:Des Cool Mass Flow [kg/s],VAV WITH REHEAT:DesPer 2:Des Sens Cool Cap [W],VAV WITH REHEAT:DesPer 2:Des Tot Cool Cap [W],FLR_3_DOAS:DesPer 1:Des Heat Mass Flow [kg/s],FLR_3_DOAS:DesPer 1:Des Heat Cap [W],FLR_3_DOAS:DesPer 1:Des Cool Mass Flow [kg/s],FLR_3_DOAS:DesPer 1:Des Sens Cool Cap [W],FLR_3_DOAS:DesPer 1:Des Tot Cool Cap [W],FLR_3_DOAS:DesPer 2:Des Heat Mass Flow [kg/s],FLR_3_DOAS:DesPer 2:Des Heat Cap [W],FLR_3_DOAS:DesPer 2:Des Cool Mass Flow [kg/s],FLR_3_DOAS:DesPer 2:Des Sens Cool Cap [W],FLR_3_DOAS:DesPer 2:Des Tot Cool Cap [W]
00:10:00,8.819097E+00,1.143191E+05,8.702181E+00,0.000000E+00,0.000000E+00,8.702179E+00,0.000000E+00,2.210798E+01,2.474552E+05,2.644236E+05,3.429514E+00,4.445567E+04,2.468056E+00,0.000000E+00,0.000000E+00,2.468056E+00,0.000000E+00,1.477432E+01,1.649847E+05,1.563766E+05
00:20:00,8.819040E+00,1.143184E+05,8.702181E+00,0.000000E+00,0.000000E+00,8.702179E+00,0.000000E+00,2.209933E+01,2.460607E+05,2.630127E+05,3.428842E+00,4.444697E+04,2.468056E+00,0.000000E+00,0.000000E+00,2.468056E+00,0.000000E+00,1.472615E+01,1.631299E+05,1.545297E+05
00:30:00,8.818989E+00,1.143177E+05,8.702181E+00,0.000000E+00,0.000000E+00,8.702179E+00,0.000000E+00,2.209092E+01,2.446689E+05,2.615989E+05,3.428310E+00,4.444008E+04,2.468056E+00,0.000000E+00,0.000000E+00,2.468056E+00,0.000000E+00,1.467867E+01,1.612911E+05,1.526987E+05
00:40:00,8.818893E+00,1.143165E+05,8.702181E+00,0.000000E+00,0.000000E+00,8.702179E+00,0.000000E+00,2.201578E+01,2.425274E+05,2.591810E+05,3.427515E+00,4.442976E+04,2.468056E+00,0.000000E+00,0.000000E+00,2.468056E+00,0.000000E+00,1.463169E+01,1.594663E+05,1.508817E+05
00:50:00,8.818805E+00,1.143153E+05,8.702181E+00,0.000000E+00,0.000000E+00,8.702179E+00,0.000000E+00,2.194404E+01,2.404244E+05,2.568148E+05,3.426852E+00,4.442117E+04,2.468056E+00,0.000000E+00,0.000000E+00,2.468056E+00,0.000000E+00,1.458546E+01,1.576581E+05,1.490808E+05
01:00:00,8.818736E+00,1.143144E+05,8.702181E+00,0.000000E+00,0.000000E+00,8.702179E+00,0.000000E+00,2.192419E+01,2.389043E+05,2.552277E+05,3.426197E+00,4.441269E+04,2.468056E+00,0.000000E+00,0.000000E+00,2.468056E+00,0.000000E+00,1.453980E+01,1.558642E+05,1.472940E+05
01:10:00,8.818789E+00,1.143151E+05,8.702181E+00,0.000000E+00,0.000000E+00,8.702179E+00,0.000000E+00,2.190518E+01,2.378259E+05,2.540918E+05,3.426240E+00,4.441324E+04,2.468056E+00,0.000000E+00,0.000000E+00,2.468056E+00,0.000000E+00,1.449512E+01,1.545211E+05,1.459642E+05
01:20:00,8.818837E+00,1.143157E+05,8.702181E+00,0.000000E+00,0.000000E+00,8.702179E+00,0.000000E+00,2.188658E+01,2.367521E+05,2.529608E+05,3.426282E+00,4.441378E+04,2.468056E+00,0.000000E+00,0.000000E+00,2.468056E+00,0.000000E+00,1.445149E+01,1.531943E+05,1.446500E+05
01:30:00,8.818881E+00,1.143163E+05,8.702181E+00,0.000000E+00,0.000000E+00,8.702179E+00,0.000000E+00,2.186841E+01,2.356830E+05,2.518353E+05,3.426323E+00,4.441432E+04,2.468056E+00,0.000000E+00,0.000000E+00,2.468056E+00,0.000000E+00,1.440891E+01,1.518838E+05,1.433518E+05
01:40:00,8.818922E+00,1.143168E+05,8.702181E+00,0.000000E+00,0.000000E+00,8.702179E+00,0.000000E+00,2.185067E+01,2.346188E+05,2.507154E+05,3.426364E+00,4.441484E+04,2.468056E+00,0.000000E+00,0.000000E+00,2.468056E+00,0.000000E+00,1.436741E+01,1.505898E+05,1.420692E+05
01:50:00,8.818961E+00,1.143173E+05,8.702181E+00,0.000000E+00,0.000000E+00,8.702179E+00,0.000000E+00,2.183339E+01,2.335598E+05,2.496020E+05,3.426404E+00,4.441536E+04,2.468056E+00,0.000000E+00,0.000000E+00,2.468056E+00,0.000000E+00,1.432701E+01,1.493122E+05,1.408027E+05
02:00:00,8.818997E+00,1.143178E+05,8.702181E+00,0.000000E+00,0.000000E+00,8.702179E+00,0.000000E+00,2.181658E+01,2.325060E+05,2.484952E+05,3.426443E+00,4.441587E+04,2.468056E+00,0.000000E+00,0.000000E+00,2.468056E+00,0.000000E+00,1.428774E+01,1.480510E+05,1.395521E+05
02:10:00,8.819032E+00,1.143183E+05,8.702181E+00,0.000000E+00,0.000000E+00,8.702179E+00,0.000000E+00,2.180010E+01,2.316721E+05,2.476124E+05,3.426482E+00,4.441637E+04,2.468056E+00,0.000000E+00,0.000000E+00,2.468056E+00,0.000000E+00,1.424922E+01,1.470147E+05,1.385289E+05
02:20:00,8.819066E+00,1.143187E+05,8.702181E+00,0.000000E+00,0.000000E+00,8.702179E+00,0.000000E+00,2.178394E+01,2.308419E+05,2.467340E+05,3.426520E+00,4.441687E+04,2.468056E+00,0.000000E+00,0.000000E+00,2.468056E+00,0.000000E+00,1.421145E+01,1.459895E+05,1.375167E+05
02:30:00,8.819099E+00,1.143191E+05,8.702181E+00,0.000000E+00,0.000000E+00,8.702179E+00,0.000000E+00,2.176811E+01,2.300153E+05,2.458595E+05,3.426559E+00,4.441737E+04,2.468056E+00,0.000000E+00,0.000000E+00,2.468056E+00,0.000000E+00,1.417442E+01,1.449753E+05,1.365148E+05
02:40:00,8.819130E+00,1.143195E+05,8.702181E+00,0.000000E+00,0.000000E+00,8.702179E+00,0.000000E+00,2.175258E+01,2.291921E+05,2.449895E+05,3.426596E+00,4.441786E+04,2.468056E+00,0.000000E+00,0.000000E+00,2.468056E+00,0.000000E+00,1.413813E+01,1.439719E+05,1.355235E+05
02:50:00,8.819161E+00,1.143199E+05,8.702181E+00,0.000000E+00,0.000000E+00,8.702179E+00,0.000000E+00,2.173737E+01,2.283725E+05,2.441236E+05,3.426634E+00,4.441834E+04,2.468056E+00,0.000000E+00,0.000000E+00,2.468056E+00,0.000000E+00,1.410256E+01,1.429791E+05,1.345426E+05
03:00:00,8.819191E+00,1.143203E+05,8.702181E+00,0.000000E+00,0.000000E+00,8.702179E+00,0.000000E+00,2.172246E+01,2.275564E+05,2.432618E+05,3.426671E+00,4.441882E+04,2.468056E+00,0.000000E+00,0.000000E+00,2.468056E+00,0.000000E+00,1.406773E+01,1.419969E+05,1.335715E+05
03:10:00,8.819221E+00,1.143207E+05,8.702181E+00,0.000000E+00,0.000000E+00,8.702179E+00,0.000000E+00,2.170772E+01,2.267420E+05,2.424025E+05,3.426707E+00,4.441930E+04,2.468056E+00,0.000000E+00,0.000000E+00,2.468056E+00,0.000000E+00,1.403326E+01,1.410214E+05,1.326072E+05
03:20:00,8.819250E+00,1.143211E+05,8.702181E+00,0.000000E+00,0.000000E+00,8.702179E+00,0.000000E+00,2.169312E+01,2.259293E+05,2.415450E+05,3.426744E+00,4.441977E+04,2.468056E+00,0.000000E+00,0.000000E+00,2.468056E+00,0.000000E+00,1.399911E+01,1.400524E+05,1.316492E+05
03:30:00,8.819279E+00,1.143215E+05,8.702181E+00,0.000000E+00,0.000000E+00,8.702179E+00,0.000000E+00,2.167865E+01,2.251181E+05,2.406891E+05,3.426780E+00,4.442024E+04,2.468056E+00,0.000000E+00,0.000000E+00,2.468056E+00,0.000000E+00,1.396528E+01,1.390894E+05,1.306970E+05
03:40:00,8.819307E+00,1.143218E+05,8.702181E+00,0.000000E+00,0.000000E+00,8.702179E+00,0.000000E+00,2.166431E+01,2.243082E+05,2.398349E+05,3.426816E+00,4.442070E+04,2.468056E+00,0.000000E+00,0.000000E+00,2.468056E+00,0.000000E+00,1.393175E+01,1.381325E+05,1.297508E+05
03:50:00,8.819335E+00,1.143222E+05,8.702181E+00,0.000000E+00,0.000000E+00,8.702179E+00,0.000000E+00,2.165007E+01,2.234996E+05,2.389823E+05,3.426851E+00,4.442116E+04,2.468056E+00,0.000000E+00,0.000000E+00,2.468056E+00,0.000000E+00,1.389850E+01,1.371813E+05,1.288103E+05
04:00:00,8.819362E+00,1.143225E+05,8.702181E+00,0.000000E+00,0.000000E+00,8.702179E+00,0.000000E+00,2.163594E+01,2.226922E+05,2.381309E+05,3.426887E+00,4.442162E+04,2.468056E+00,0.000000E+00,0.000000E+00,2.468056E+00,0.000000E+00,1.386551E+01,1.362357E+05,1.278750E+05
04:10:00,8.819405E+00,1.143231E+05,8.702181E+00,0.000000E+00,0.000000E+00,8.702179E+00,0.000000E+00,2.164364E+01,2.223462E+05,2.378273E+05,3.427071E+00,4.442401E+04,2.468056E+00,0.000000E+00,0.000000E+00,2.468056E+00,0.000000E+00,1.383318E+01,1.355056E+05,1.271583E+05
04:20:00,8.819434E+00,1.143235E+05,8.702181E+00,0.000000E+00,0.000000E+00,8.702179E+00,0.000000E+00,2.165155E+01,2.220025E+05,2.374005E+05,3.427160E+00,4.442516E+04,2.468056E+00,0.000000E+00,0.000000E+00,2.468056E+00,0.000000E+00,1.380145E+01,1.347834E+05,1.264490E+05
04:30:00,8.819449E+00,1.143237E+05,8.702181E+00,0.000000E+00,0.000000E+00,8.702179E+00,0.000000E+00,2.165971E+01,2.216616E+05,2.370372E+05,3.427257E+00,4.442642E+04,2.468056E+00,0.000000E+00,0.000000E+00,2.468056E+00,0.000000E+00,1.377035E+01,1.340692E+05,1.257474E+05
04:40:00,8.819428E+00,1.143234E+05,8.702181E+00,0.000000E+00,0.000000E+00,8.702179E+00,0.000000E+00,2.166812E+01,2.213236E+05,2.367408E+05,3.427213E+00,4.442585E+04,2.468056E+00,0.000000E+00,0.000000E+00,2.468056E+00,0.000000E+00,1.373990E+01,1.333631E+05,1.250533E+05
04:50:00,8.819394E+00,1.143229E+05,8.702181E+00,0.000000E+00,0.000000E+00,8.702179E+00,0.000000E+00,2.167680E+01,2.209886E+05,2.364580E+05,3.427274E+00,4.442664E+04,2.468056E+00,0.000000E+00,0.000000E+00,2.468056E+00,0.000000E+00,1.371010E+01,1.326651E+05,1.243672E+05
05:00:00,8.819328E+00,1.143221E+05,8.702181E+00,0.000000E+00,0.000000E+00,8.702179E+00,0.000000E+00,2.168576E+01,2.206568E+05,2.361710E+05,3.427287E+00,4.442681E+04,2.468056E+00,0.000000E+00,0.000000E+00,2.468056E+00,0.000000E+00,1.368097E+01,1.319754E+05,1.236891E+05
05:10:00,8.819221E+00,1.143207E+05,8.702181E+00,0.000000E+00,0.000000E+00,8.702179E+00,0.000000E+00,2.167247E+01,2.209397E+05,2.364262E+05,3.427163E+00,4.442520E+04,2.468056E+00,0.000000E+00,0.000000E+00,2.468056E+00,0.000000E+00,1.365348E+01,1.321173E+05,1.238536E+05
05:20:00,8.819104E+00,1.143192E+05,8.702181E+00,0.000000E+00,0.000000E+00,8.702179E+00,0.000000E+00,2.166001E+01,2.212322E+05,2.367018E+05,3.427135E+00,4.442484E+04,2.468056E+00,0.000000E+00,0.000000E+00,2.468056E+00,0.000000E+00,1.362795E+01,1.322765E+05,1.240344E+05
05:30:00,8.818978E+00,1.143175E+05,8.702181E+00,0.000000E+00,0.000000E+00,8.702179E+00,0.000000E+00,2.164842E+01,2.215342E+05,2.369853E+05,3.427100E+00,4.442438E+04,2.468056E+00,0.000000E+00,0.000000E+00,2.468056E+00,0.000000E+00,1.360439E+01,1.324534E+05,1.242319E+05
05:40:00,8.818867E+00,1.143161E+05,8.702181E+00,0.000000E+00,0.000000E+00,8.702179E+00,0.000000E+00,2.164328E+01,2.219089E+05,2.373589E+05,3.427206E+00,4.442576E+04,2.468056E+00,0.000000E+00,0.000000E+00,2.468056E+00,0.000000E+00,1.359992E+01,1.328153E+05,1.246026E+05
05:50:00,8.818750E+00,1.143146E+05,8.702181E+00,0.000000E+00,0.000000E+00,8.702179E+00,0.000000E+00,2.164243E+01,2.223317E+05,2.377739E+05,3.427207E+00,4.442577E+04,2.468056E+00,0.000000E+00,0.000000E+00,2.468056E+00,0.000000E+00,1.362025E+01,1.334198E+05,1.252009E+05
06:00:00,8.818647E+00,1.143133E+05,8.702181E+00,0.000000E+00,0.000000E+00,8.702179E+00,0.000000E+00,2.164364E+01,2.227776E+05,2.382050E+05,3.427256E+00,4.442641E+04,2.468056E+00,0.000000E+00,0.000000E+00,2.468056E+00,0.000000E+00,1.367143E+01,1.343288E+05,1.260851E+05
06:10:00,8.818552E+00,1.143120E+05,8.702181E+00,0.000000E+00,0.000000E+00,8.702179E+00,0.000000E+00,2.164552E+01,2.243120E+05,2.397562E+05,3.427294E+00,4.442690E+04,2.468056E+00,0.000000E+00,0.000000E+00,2.468056E+00,0.000000E+00,1.374842E+01,1.365196E+05,1.282514E+05
06:20:00,8.818466E+00,1.143109E+05,8.702181E+00,0.000000E+00,0.000000E+00,8.702179E+00,0.000000E+00,2.165249E+01,2.259035E+05,2.414068E+05,3.427329E+00,4.442736E+04,2.468056E+00,0.000000E+00,0.000000E+00,2.468056E+00,0.000000E+00,1.384986E+01,1.389720E+05,1.306647E+05
06:30:00,8.818388E+00,1.143099E+05,8.702181E+00,0.000000E+00,0.000000E+00,8.702179E+00,0.000000E+00,2.166661E+01,2.275755E+05,2.431549E+05,3.427364E+00,4.442781E+04,2.468056E+00,0.000000E+00,0.000000E+00,2.468056E+00,0.000000E+00,1.397913E+01,1.417277E+05,1.333649E+05
06:40:00,8.818318E+00,1.143090E+05,8.702181E+00,0.000000E+00,0.000000E+00,8.702179E+00,0.000000E+00,2.168378E+01,2.292818E+05,2.449227E+05,3.427398E+00,4.442825E+04,2.468056E+00,0.000000E+00,0.000000E+00,2.468056E+00,0.000000E+00,1.411709E+01,1.445994E+05,1.361765E+05
06:50:00,8.818255E+00,1.143082E+05,8.702181E+00,0.000000E+00,0.000000E+00,8.702179E+00,0.000000E+00,2.170440E+01,2.310268E+05,2.467203E+05,3.427431E+00,4.442868E+04,2.468056E+00,0.000000E+00,0.000000E+00,2.468056E+00,0.000000E+00,1.425804E+01,1.475308E+05,1.390461E+05
07:00:00,8.818199E+00,1.143074E+05,8.702181E+00,0.000000E+00,0.000000E+00,8.702179E+00,0.000000E+00,2.173267E+01,2.328578E+05,2.486286E+05,3.427464E+00,4.442910E+04,2.468056E+00,0.000000E+00,0.000000E+00,2.468056E+00,0.000000E+00,1.439587E+01,1.504589E+05,1.419150E+05
07:10:00,8.818157E+00,1.143069E+05,8.702181E+00,0.000000E+00,0.000000E+00,8.702179E+00,0.000000E+00,2.175867E+01,2.368252E+05,2.526971E+05,3.427585E+00,4.443067E+04,2.468056E+00,0.000000E+00,0.000000E+00,2.468056E+00,0.000000E+00,1.453737E+01,1.556215E+05,1.470494E+05
07:20:00,8.818121E+00,1.143064E+05,8.702181E+00,0.000000E+00,0.000000E+00,8.702179E+00,0.000000E+00,2.178982E+01,2.408506E+05,2.569068E+05,3.427697E+00,4.443213E+04,2.468056E+00,0.000000E+00,0.000000E+00,2.468056E+00,0.000000E+00,1.468214E+01,1.608916E+05,1.522906E+05
07:30:00,8.818081E+00,1.143059E+05,8.702181E+00,0.000000E+00,0.000000E+00,8.702179E+00,0.000000E+00,2.182463E+01,2.449172E+05,2.611347E+05,3.427673E+00,4.443182E+04,2.468056E+00,0.000000E+00,0.000000E+00,2.468056E+00,0.000000E+00,1.482673E+01,1.662329E+05,1.576042E+05
07:40:00,8.818067E+00,1.143057E+05,8.702181E+00,0.000000E+00,0.000000E+00,8.702179E+00,0.000000E+00,2.186156E+01,2.490076E+05,2.653541E+05,3.427736E+00,4.443263E+04,2.468056E+00,0.000000E+00,0.000000E+00,2.468056E+00,0.000000E+00,1.497171E+01,1.716521E+05,1.629965E+05
07:50:00,8.818064E+00,1.143057E+05,8.702181E+00,0.000000E+00,0.000000E+00,8.702179E+00,0.000000E+00,2.190229E+01,2.531407E+05,2.696195E+05,3.427750E+00,4.443281E+04,2.468056E+00,0.000000E+00,0.000000E+00,2.468056E+00,0.000000E+00,1.511635E+01,1.771409E+05,1.684596E+05
08:00:00,8.818079E+00,1.143059E+05,8.702181E+00,0.000000E+00,0.000000E+00,8.702179E+00,0.000000E+00,2.194325E+01,2.572764E+05,2.738886E+05,3.427774E+00,4.443313E+04,2.468056E+00,0.000000E+00,0.000000E+00,2.468056E+00,0.000000E+00,1.525830E+01,1.826707E+05,1.739665E+05
08:10:00,8.818102E+00,1.143062E+05,8.702181E+00,0.000000E+00,0.000000E+00,8.702179E+00,0.000000E+00,2.199838E+01,2.620037E+05,2.788119E+05,3.427711E+00,4.443231E+04,2.468056E+00,0.000000E+00,0.000000E+00,2.468056E+00,0.000000E+00,1.539482E+01,1.886648E+05,1.799488E+05
08:20:00,8.818140E+00,1.143067E+05,8.702181E+00,0.000000E+00,0.000000E+00,8.702179E+00,0.000000E+00,2.205557E+01,2.667541E+05,2.837650E+05,3.427657E+00,4.443160E+04,2.468056E+00,0.000000E+00,0.000000E+00,2.468056E+00,0.000000E+00,1.552876E+01,1.947041E+05,1.859791E+05
08:30:00,8.818201E+00,1.143075E+05,8.702181E+00,0.000000E+00,0.000000E+00,8.702179E+00,0.000000E+00,2.211614E+01,2.715426E+05,2.887626E+05,3.427738E+00,4.443266E+04,2.468056E+00,0.000000E+00,0.000000E+00,2.468056E+00,0.000000E+00,1.566444E+01,2.008415E+05,1.921075E+05
08:40:00,8.818253E+00,1.143082E+05,8.702181E+00,0.000000E+00,0.000000E+00,8.702179E+00,0.000000E+00,2.218051E+01,2.763738E+05,2.938071E+05,3.427734E+00,4.443260E+04,2.468056E+00,0.000000E+00,0.000000E+00,2.468056E+00,0.000000E+00,1.580278E+01,2.070906E+05,1.983472E+05
08:50:00,8.818309E+00,1.143089E+05,8.702181E+00,0.000000E+00,0.000000E+00,8.702179E+00,0.000000E+00,2.224940E+01,2.812558E+05,2.989091E+05,3.427777E+00,4.443317E+04,2.468056E+00,0.000000E+00,0.000000E+00,2.468056E+00,0.000000E+00,1.594540E+01,2.134753E+05,2.047214E+05
09:00:00,8.818361E+00,1.143096E+05,8.702181E+00,0.000000E+00,0.000000E+00,8.702179E+00,0.000000E+00,2.232523E+01,2.862159E+05,3.041060E+05,3.427810E+00,4.443358E+04,2.468056E+00,0.000000E+00,0.000000E+00,2.468056E+00,0.000000E+00,1.609602E+01,2.200503E+05,2.112829E+05
09:10:00,8.818410E+00,1.143102E+05,8.702181E+00,0.000000E+00,0.000000E+00,8.702179E+00,0.000000E+00,2.240726E+01,2.908134E+05,3.089477E+05,3.427841E+00,4.443399E+04,2.468056E+00,0.000000E+00,0.000000E+00,2.468056E+00,0.000000E+00,1.625468E+01,2.263381E+05,2.175468E+05
09:20:00,8.818455E+00,1.143108E+05,8.702181E+00,0.000000E+00,0.000000E+00,8.702179E+00,0.000000E+00,2.249410E+01,2.954649E+05,3.138498E+05,3.427870E+00,4.443437E+04,2.468056E+00,0.000000E+00,0.000000E+00,2.468056E+00,0.000000E+00,1.642075E+01,2.328115E+05,2.239934E+05
09:30:00,8.818496E+00,1.143113E+05,8.702181E+00,0.000000E+00,0.000000E+00,8.702179E+00,0.000000E+00,2.258424E+01,3.001536E+05,3.187967E+05,3.427899E+00,4.443475E+04,2.468056E+00,0.000000E+00,0.000000E+00,2.468056E+00,0.000000E+00,1.659055E+01,2.394229E+05,2.305773E+05
09:40:00,8.818534E+00,1.143118E+05,8.702181E+00,0.000000E+00,0.000000E+00,8.702179E+00,0.000000E+00,2.267755E+01,3.048779E+05,3.237865E+05,3.427928E+00,4.443512E+04,2.468056E+00,0.000000E+00,0.000000E+00,2.468056E+00,0.000000E+00,1.676488E+01,2.461868E+05,2.373126E+05
09:50:00,8.818568E+00,1.143122E+05,8.702181E+00,0.000000E+00,0.000000E+00,8.702179E+00,0.000000E+00,2.277348E+01,3.096317E+05,3.288102E+05,3.427956E+00,4.443548E+04,2.468056E+00,0.000000E+00,0.000000E+00,2.468056E+00,0.000000E+00,1.694284E+01,2.530932E+05,2.441899E+05
10:00:00,8.818599E+00,1.143126E+05,8.702181E+00,0.000000E+00,0.000000E+00,8.702179E+00,0.000000E+00,2.287113E+01,3.144049E+05,3.338547E+05,3.427984E+00,4.443584E+04,2.468056E+00,0.000000E+00,0.000000E+00,2.468056E+00,0.000000E+00,1.712271E+01,2.601189E+05,2.511869E+05
10:10:00,8.818626E+00,1.143130E+05,8.702181E+00,0.000000E+00,0.000000E+00,8.702179E+00,0.000000E+00,2.296706E+01,3.187264E+05,3.384316E+05,3.428011E+00,4.443619E+04,2.468056E+00,0.000000E+00,0.000000E+00,2.468056E+00,0.000000E+00,1.730045E+01,2.666870E+05,2.577207E+05
10:20:00,8.818651E+00,1.143133E+05,8.702181E+00,0.000000E+00,0.000000E+00,8.702179E+00,0.000000E+00,2.306239E+01,3.230411E+05,3.430060E+05,3.428038E+00,4.443655E+04,2.468056E+00,0.000000E+00,0.000000E+00,2.468056E+00,0.000000E+00,1.747581E+01,2.732975E+05,2.642995E+05
10:30:00,8.818674E+00,1.143136E+05,8.702181E+00,0.000000E+00,0.000000E+00,8.702179E+00,0.000000E+00,2.315651E+01,3.273423E+05,3.475621E+05,3.428066E+00,4.443691E+04,2.468056E+00,0.000000E+00,0.000000E+00,2.468056E+00,0.000000E+00,1.764753E+01,2.799286E+05,2.709021E+05
10:40:00,8.818696E+00,1.143139E+05,8.702181E+00,0.000000E+00,0.000000E+00,8.702179E+00,0.000000E+00,2.324864E+01,3.316212E+05,3.520874E+05,3.428093E+00,4.443726E+04,2.468056E+00,0.000000E+00,0.000000E+00,2.468056E+00,0.000000E+00,1.781428E+01,2.865565E+05,2.775052E+05
10:50:00,8.818717E+00,1.143142E+05,8.702181E+00,0.000000E+00,0.000000E+00,8.702179E+00,0.000000E+00,2.333813E+01,3.358703E+05,3.565744E+05,3.428121E+00,4.443762E+04,2.468056E+00,0.000000E+00,0.000000E+00,2.468056E+00,0.000000E+00,1.797506E+01,2.931616E+05,2.840893E+05
11:00:00,8.818738E+00,1.143144E+05,8.702181E+00,0.000000E+00,0.000000E+00,8.702179E+00,0.000000E+00,2.342449E+01,3.400842E+05,3.610178E+05,3.428148E+00,4.443797E+04,2.468056E+00,0.000000E+00,0.000000E+00,2.468056E+00,0.000000E+00,1.812934E+01,2.997313E+05,2.906426E+05
11:10:00,8.818767E+00,1.143148E+05,8.702181E+00,0.000000E+00,0.000000E+00,8.702179E+00,0.000000E+00,2.349090E+01,3.429931E+05,3.640706E+05,3.428264E+00,4.443947E+04,2.468056E+00,0.000000E+00,0.000000E+00,2.468056E+00,0.000000E+00,1.827799E+01,3.049133E+05,2.957912E+05
11:20:00,8.818797E+00,1.143152E+05,8.702181E+00,0.000000E+00,0.000000E+00,8.702179E+00,0.000000E+00,2.355360E+01,3.458603E+05,3.672024E+05,3.428371E+00,4.444086E+04,2.468056E+00,0.000000E+00,0.000000E+00,2.468056E+00,0.000000E+00,1.841979E+01,3.100243E+05,3.008731E+05
11:30:00,8.818820E+00,1.143155E+05,8.702181E+00,0.000000E+00,0.000000E+00,8.702179E+00,0.000000E+00,2.361212E+01,3.486806E+05,3.702142E+05,3.428342E+00,4.444048E+04,2.468056E+00,0.000000E+00,0.000000E+00,2.468056E+00,0.000000E+00,1.855483E+01,3.150629E+05,3.058868E+05
11:40:00,8.818884E+00,1.143163E+05,8.702181E+00,0.000000E+00,0.000000E+00,8.702179E+00,0.000000E+00,2.373320E+01,3.522035E+05,3.740974E+05,3.428580E+00,4.444358E+04,2.468056E+00,0.000000E+00,0.000000E+00,2.468056E+00,0.000000E+00,1.868350E+01,3.200326E+05,3.108349E+05
11:50:00,8.818942E+00,1.143171E+05,8.702181E+00,0.000000E+00,0.000000E+00,8.702179E+00,0.000000E+00,2.384988E+01,3.556765E+05,3.774611E+05,3.428690E+00,4.444500E+04,2.468056E+00,0.000000E+00,0.000000E+00,2.468056E+00,0.000000E+00,1.880623E+01,3.249379E+05,3.157223E+05
12:00:00,8.818980E+00,1.143176E+05,8.702181E+00,0.000000E+00,0.000000E+00,8.702179E+00,0.000000E+00,2.392994E+01,3.587382E+05,3.805310E+05,3.428796E+00,4.444637E+04,2.468056E+00,0.000000E+00,0.000000E+00,2.468056E+00,0.000000E+00,1.892329E+01,3.297812E+05,3.205509E+05
12:10:00,8.818979E+00,1.143176E+05,8.702181E+00,0.000000E+00,0.000000E+00,8.702179E+00,0.000000E+00,2.400511E+01,3.613129E+05,3.835046E+05,3.428811E+00,4.444657E+04,2.468056E+00,0.000000E+00,0.000000E+00,2.468056E+00,0.000000E+00,1.903536E+01,3.340041E+05,3.247536E+05
12:20:00,8.818938E+00,1.143170E+05,8.702181E+00,0.000000E+00,0.000000E+00,8.702179E+00,0.000000E+00,2.407584E+01,3.638378E+05,3.864671E+05,3.428641E+00,4.444436E+04,2.468056E+00,0.000000E+00,0.000000E+00,2.468056E+00,0.000000E+00,1.914119E+01,3.381434E+05,3.288761E+05
12:30:00,8.818914E+00,1.143167E+05,8.702181E+00,0.000000E+00,0.000000E+00,8.702179E+00,0.000000E+00,2.414187E+01,3.663096E+05,3.891827E+05,3.428754E+00,4.444583E+04,2.468056E+00,0.000000E+00,0.000000E+00,2.468056E+00,0.000000E+00,1.923936E+01,3.421718E+05,3.328917E+05
12:40:00,8.818837E+00,1.143157E+05,8.702181E+00,0.000000E+00,0.000000E+00,8.702179E+00,0.000000E+00,2.413606E+01,3.679742E+05,3.907630E+05,3.428530E+00,4.444292E+04,2.468056E+00,0.000000E+00,0.000000E+00,2.468056E+00,0.000000E+00,1.932930E+01,3.460764E+05,3.367878E+05
12:50:00,8.818769E+00,1.143148E+05,8.702181E+00,0.000000E+00,0.000000E+00,8.702179E+00,0.000000E+00,2.412475E+01,3.695776E+05,3.922816E+05,3.428452E+00,4.444192E+04,2.468056E+00,0.000000E+00,0.000000E+00,2.468056E+00,0.000000E+00,1.941091E+01,3.498521E+05,3.405595E+05
13:00:00,8.818723E+00,1.143142E+05,8.702181E+00,0.000000E+00,0.000000E+00,8.702179E+00,0.000000E+00,2.413974E+01,3.714761E+05,3.942121E+05,3.428382E+00,4.444100E+04,2.468056E+00,0.000000E+00,0.000000E+00,2.468056E+00,0.000000E+00,1.948444E+01,3.535009E+05,3.442082E+05
13:10:00,8.818708E+00,1.143141E+05,8.702181E+00,0.000000E+00,0.000000E+00,8.702179E+00,0.000000E+00,2.416896E+01,3.728856E+05,3.957032E+05,3.428315E+00,4.444013E+04,2.468056E+00,0.000000E+00,0.000000E+00,2.468056E+00,0.000000E+00,1.955052E+01,3.561567E+05,3.468545E+05
13:20:00,8.818735E+00,1.143144E+05,8.702181E+00,0.000000E+00,0.000000E+00,8.702179E+00,0.000000E+00,2.419166E+01,3.742216E+05,3.970922E+05,3.428442E+00,4.444178E+04,2.468056E+00,0.000000E+00,0.000000E+00,2.468056E+00,0.000000E+00,1.961089E+01,3.587180E+05,3.494094E+05
13:30:00,8.818754E+00,1.143146E+05,8.702181E+00,0.000000E+00,0.000000E+00,8.702179E+00,0.000000E+00,2.420766E+01,3.754824E+05,3.984002E+05,3.428422E+00,4.444152E+04,2.468056E+00,0.000000E+00,0.000000E+00,2.468056E+00,0.000000E+00,1.966726E+01,3.612149E+05,3.519018E+05
13:40:00,8.818783E+00,1.143150E+05,8.702181E+00,0.000000E+00,0.000000E+00,8.702179E+00,0.000000E+00,2.421690E+01,3.766672E+05,3.996264E+05,3.428473E+00,4.444218E+04,2.468056E+00,0.000000E+00,0.000000E+00,2.468056E+00,0.000000E+00,1.972032E+01,3.636591E+05,3.543429E+05
13:50:00,8.818809E+00,1.143154E+05,8.702181E+00,0.000000E+00,0.000000E+00,8.702179E+00,0.000000E+00,2.421954E+01,3.777777E+05,4.007666E+05,3.428505E+00,4.444260E+04,2.468056E+00,0.000000E+00,0.000000E+00,2.468056E+00,0.000000E+00,1.976985E+01,3.660459E+05,3.567288E+05
14:00:00,8.818832E+00,1.143157E+05,8.702181E+00,0.000000E+00,0.000000E+00,8.702179E+00,0.000000E+00,2.421561E+01,3.788145E+05,4.018187E+05,3.428535E+00,4.444299E+04,2.468056E+00,0.000000E+00,0.000000E+00,2.468056E+00,0.000000E+00,1.981506E+01,3.683596E+05,3.590434E+05
14:10:00,8.818852E+00,1.143159E+05,8.702181E+00,0.000000E+00,0.000000E+00,8.702179E+00,0.000000E+00,2.420361E+01,3.786796E+05,4.016626E+05,3.428564E+00,4.444336E+04,2.468056E+00,0.000000E+00,0.000000E+00,2.468056E+00,0.000000E+00,1.985386E+01,3.690810E+05,3.597465E+05
14:20:00,8.818870E+00,1.143161E+05,8.702181E+00,0.000000E+00,0.000000E+00,8.702179E+00,0.000000E+00,2.418598E+01,3.784814E+05,4.014295E+05,3.428592E+00,4.444372E+04,2.468056E+00,0.000000E+00,0.000000E+00,2.468056E+00,0.000000E+00,1.988714E+01,3.696997E+05,3.603496E+05
14:30:00,8.818885E+00,1.143163E+05,8.702181E+00,0.000000E+00,0.000000E+00,8.702179E+00,0.000000E+00,2.416226E+01,3.782147E+05,4.011187E+05,3.428619E+00,4.444407E+04,2.468056E+00,0.000000E+00,0.000000E+00,2.468056E+00,0.000000E+00,1.991161E+01,3.701545E+05,3.607929E+05
14:40:00,8.818898E+00,1.143165E+05,8.702181E+00,0.000000E+00,0.000000E+00,8.702179E+00,0.000000E+00,2.413265E+01,3.778818E+05,4.007317E+05,3.428645E+00,4.444441E+04,2.468056E+00,0.000000E+00,0.000000E+00,2.468056E+00,0.000000E+00,1.992560E+01,3.704145E+05,3.610464E+05
14:50:00,8.818909E+00,1.143167E+05,8.702181E+00,0.000000E+00,0.000000E+00,8.702179E+00,0.000000E+00,2.409752E+01,3.774869E+05,4.002719E+05,3.428671E+00,4.444475E+04,2.468056E+00,0.000000E+00,0.000000E+00,2.468056E+00,0.000000E+00,1.992826E+01,3.704640E+05,3.610946E+05
15:00:00,8.818918E+00,1.143168E+05,8.702181E+00,0.000000E+00,0.000000E+00,8.702179E+00,0.000000E+00,2.405740E+01,3.770357E+05,3.997453E+05,3.428695E+00,4.444506E+04,2.468056E+00,0.000000E+00,0.000000E+00,2.468056E+00,0.000000E+00,1.991941E+01,3.702995E+05,3.609343E+05
15:10:00,8.818926E+00,1.143169E+05,8.702181E+00,0.000000E+00,0.000000E+00,8.702179E+00,0.000000E+00,2.401130E+01,3.752202E+05,3.978185E+05,3.428718E+00,4.444535E+04,2.468056E+00,0.000000E+00,0.000000E+00,2.468056E+00,0.000000E+00,1.989880E+01,3.681367E+05,3.587544E+05
15:20:00,8.818933E+00,1.143170E+05,8.702181E+00,0.000000E+00,0.000000E+00,8.702179E+00,0.000000E+00,2.396043E+01,3.733511E+05,3.958330E+05,3.428741E+00,4.444565E+04,2.468056E+00,0.000000E+00,0.000000E+00,2.468056E+00,0.000000E+00,1.986472E+01,3.657298E+05,3.563365E+05
15:30:00,8.818940E+00,1.143171E+05,8.702181E+00,0.000000E+00,0.000000E+00,8.702179E+00,0.000000E+00,2.390622E+01,3.714445E+05,3.938016E+05,3.428764E+00,4.444596E+04,2.468056E+00,0.000000E+00,0.000000E+00,2.468056E+00,0.000000E+00,1.982000E+01,3.631339E+05,3.537348E+05
15:40:00,8.818946E+00,1.143171E+05,8.702181E+00,0.000000E+00,0.000000E+00,8.702179E+00,0.000000E+00,2.384962E+01,3.695110E+05,3.917359E+05,3.428787E+00,4.444625E+04,2.468056E+00,0.000000E+00,0.000000E+00,2.468056E+00,0.000000E+00,1.976637E+01,3.603834E+05,3.509829E+05
15:50:00,8.818954E+00,1.143172E+05,8.702181E+00,0.000000E+00,0.000000E+00,8.702179E+00,0.000000E+00,2.379146E+01,3.675600E+05,3.896483E+05,3.428810E+00,4.444655E+04,2.468056E+00,0.000000E+00,0.000000E+00,2.468056E+00,0.000000E+00,1.970530E+01,3.575079E+05,3.481099E+05
16:00:00,8.818962E+00,1.143173E+05,8.702181E+00,0.000000E+00,0.000000E+00,8.702179E+00,0.000000E+00,2.373253E+01,3.656003E+05,3.875486E+05,3.428833E+00,4.444685E+04,2.468056E+00,0.000000E+00,0.000000E+00,2.468056E+00,0.000000E+00,1.963808E+01,3.545320E+05,3.451394E+05
16:10:00,8.818971E+00,1.143175E+05,8.702181E+00,0.000000E+00,0.000000E+00,8.702179E+00,0.000000E+00,2.366823E+01,3.631478E+05,3.849286E+05,3.428856E+00,4.444715E+04,2.468056E+00,0.000000E+00,0.000000E+00,2.468056E+00,0.000000E+00,1.956509E+01,3.508813E+05,3.414882E+05
16:20:00,8.818981E+00,1.143176E+05,8.702181E+00,0.000000E+00,0.000000E+00,8.702179E+00,0.000000E+00,2.360477E+01,3.607049E+05,3.823587E+05,3.428880E+00,4.444746E+04,2.468056E+00,0.000000E+00,0.000000E+00,2.468056E+00,0.000000E+00,1.948903E+01,3.471932E+05,3.378015E+05
16:30:00,8.818994E+00,1.143178E+05,8.702181E+00,0.000000E+00,0.000000E+00,8.702179E+00,0.000000E+00,2.354436E+01,3.582962E+05,3.798134E+05,3.428902E+00,4.444775E+04,2.468056E+00,0.000000E+00,0.000000E+00,2.468056E+00,0.000000E+00,1.941078E+01,3.434847E+05,3.340955E+05
16:40:00,8.819013E+00,1.143180E+05,8.702181E+00,0.000000E+00,0.000000E+00,8.702179E+00,0.000000E+00,2.348613E+01,3.559120E+05,3.772741E+05,3.428925E+00,4.444804E+04,2.468056E+00,0.000000E+00,0.000000E+00,2.468056E+00,0.000000E+00,1.932878E+01,3.397287E+05,3.303443E+05
16:50:00,8.819037E+00,1.143183E+05,8.702181E+00,0.000000E+00,0.000000E+00,8.702179E+00,0.000000E+00,2.342969E+01,3.535480E+05,3.747526E+05,3.428947E+00,4.444833E+04,2.468056E+00,0.000000E+00,0.000000E+00,2.468056E+00,0.000000E+00,1.924103E+01,3.358920E+05,3.265154E+05
17:00:00,8.819069E+00,1.143187E+05,8.702181E+00,0.000000E+00,0.000000E+00,8.702179E+00,0.000000E+00,2.337463E+01,3.511995E+05,3.722505E+05,3.428970E+00,4.444862E+04,2.468056E+00,0.000000E+00,0.000000E+00,2.468056E+00,0.000000E+00,1.914652E+01,3.319591E+05,3.225939E+05
17:10:00,8.819107E+00,1.143192E+05,8.702181E+00,0.000000E+00,0.000000E+00,8.702179E+00,0.000000E+00,2.332704E+01,3.485025E+05,3.694197E+05,3.428992E+00,4.444891E+04,2.468056E+00,0.000000E+00,0.000000E+00,2.468056E+00,0.000000E+00,1.904677E+01,3.273906E+05,3.180312E+05
17:20:00,8.819151E+00,1.143198E+05,8.702181E+00,0.000000E+00,0.000000E+00,8.702179E+00,0.000000E+00,2.328039E+01,3.458161E+05,3.666037E+05,3.429013E+00,4.444919E+04,2.468056E+00,0.000000E+00,0.000000E+00,2.468056E+00,0.000000E+00,1.893929E+01,3.227203E+05,3.133710E+05
17:30:00,8.819198E+00,1.143204E+05,8.702181E+00,0.000000E+00,0.000000E+00,8.702179E+00,0.000000E+00,2.323243E+01,3.431150E+05,3.637691E+05,3.429034E+00,4.444946E+04,2.468056E+00,0.000000E+00,0.000000E+00,2.468056E+00,0.000000E+00,1.882277E+01,3.179291E+05,3.085949E+05
17:40:00,8.819246E+00,1.143210E+05,8.702181E+00,0.000000E+00,0.000000E+00,8.702179E+00,0.000000E+00,2.318730E+01,3.404456E+05,3.609775E+05,3.429055E+00,4.444973E+04,2.468056E+00,0.000000E+00,0.000000E+00,2.468056E+00,0.000000E+00,1.869834E+01,3.130405E+05,3.037257E+05
17:50:00,8.819292E+00,1.143216E+05,8.702181E+00,0.000000E+00,0.000000E+00,8.702179E+00,0.000000E+00,2.314364E+01,3.377929E+05,3.581968E+05,3.429076E+00,4.444999E+04,2.468056E+00,0.000000E+00,0.000000E+00,2.468056E+00,0.000000E+00,1.856828E+01,3.080953E+05,2.988035E+05
18:00:00,8.819337E+00,1.143222E+05,8.702181E+00,0.000000E+00,0.000000E+00,8.702179E+00,0.000000E+00,2.309885E+01,3.351274E+05,3.553914E+05,3.429096E+00,4.445026E+04,2.468056E+00,0.000000E+00,0.000000E+00,2.468056E+00,0.000000E+00,1.842878E+01,3.030338E+05,2.937699E+05
18:10:00,8.819380E+00,1.143228E+05,8.702181E+00,0.000000E+00,0.000000E+00,8.702179E+00,0.000000E+00,2.305725E+01,3.314170E+05,3.515423E+05,3.429116E+00,4.445052E+04,2.468056E+00,0.000000E+00,0.000000E+00,2.468056E+00,0.000000E+00,1.828079E+01,2.965130E+05,2.872618E+05
18:20:00,8.819421E+00,1.143233E+05,8.702181E+00,0.000000E+00,0.000000E+00,8.702179E+00,0.000000E+00,2.302151E+01,3.277723E+05,3.477760E+05,3.429136E+00,4.445078E+04,2.468056E+00,0.000000E+00,0.000000E+00,2.468056E+00,0.000000E+00,1.812348E+01,2.899094E+05,2.806763E+05
18:30:00,8.819460E+00,1.143238E+05,8.702181E+00,0.000000E+00,0.000000E+00,8.702179E+00,0.000000E+00,2.299308E+01,3.242098E+05,3.441044E+05,3.429156E+00,4.445103E+04,2.468056E+00,0.000000E+00,0.000000E+00,2.468056E+00,0.000000E+00,1.795278E+01,2.831649E+05,2.739579E+05
18:40:00,8.819497E+00,1.143243E+05,8.702181E+00,0.000000E+00,0.000000E+00,8.702179E+00,0.000000E+00,2.296367E+01,3.206363E+05,3.403959E+05,3.429175E+00,4.445129E+04,2.468056E+00,0.000000E+00,0.000000E+00,2.468056E+00,0.000000E+00,1.776012E+01,2.761553E+05,2.669869E+05
18:50:00,8.819533E+00,1.143247E+05,8.702181E+00,0.000000E+00,0.000000E+00,8.702179E+00,0.000000E+00,2.293096E+01,3.170257E+05,3.366371E+05,3.429195E+00,4.445154E+04,2.468056E+00,0.000000E+00,0.000000E+00,2.468056E+00,0.000000E+00,1.754691E+01,2.689169E+05,2.597992E+05
19:00:00,8.819567E+00,1.143252E+05,8.702181E+00,0.000000E+00,0.000000E+00,8.702179E+00,0.000000E+00,2.289619E+01,3.133919E+05,3.328719E+05,3.429214E+00,4.445179E+04,2.468056E+00,0.000000E+00,0.000000E+00,2.468056E+00,0.000000E+00,1.732181E+01,2.615943E+05,2.525349E+05
19:10:00,8.819615E+00,1.143258E+05,8.702181E+00,0.000000E+00,0.000000E+00,8.702179E+00,0.000000E+00,2.288046E+01,3.108368E+05,3.302973E+05,3.429382E+00,4.445397E+04,2.468056E+00,0.000000E+00,0.000000E+00,2.468056E+00,0.000000E+00,1.710201E+01,2.554709E+05,2.464840E+05
19:20:00,8.819648E+00,1.143262E+05,8.702181E+00,0.000000E+00,0.000000E+00,8.702179E+00,0.000000E+00,2.286029E+01,3.082316E+05,3.275277E+05,3.429455E+00,4.445492E+04,2.468056E+00,0.000000E+00,0.000000E+00,2.468056E+00,0.000000E+00,1.689348E+01,2.495860E+05,2.406666E+05
19:30:00,8.819657E+00,1.143264E+05,8.702181E+00,0.000000E+00,0.000000E+00,8.702179E+00,0.000000E+00,2.283484E+01,3.055672E+05,3.247399E+05,3.429443E+00,4.445476E+04,2.468056E+00,0.000000E+00,0.000000E+00,2.468056E+00,0.000000E+00,1.670336E+01,2.440384E+05,2.351779E+05
19:40:00,8.819651E+00,1.143263E+05,8.702181E+00,0.000000E+00,0.000000E+00,8.702179E+00,0.000000E+00,2.280948E+01,3.029038E+05,3.220112E+05,3.429486E+00,4.445531E+04,2.468056E+00,0.000000E+00,0.000000E+00,2.468056E+00,0.000000E+00,1.654255E+01,2.389768E+05,2.301605E+05
19:50:00,8.819617E+00,1.143258E+05,8.702181E+00,0.000000E+00,0.000000E+00,8.702179E+00,0.000000E+00,2.278833E+01,3.002878E+05,3.193464E+05,3.429486E+00,4.445531E+04,2.468056E+00,0.000000E+00,0.000000E+00,2.468056E+00,0.000000E+00,1.641078E+01,2.343825E+05,2.255955E+05
20:00:00,8.819559E+00,1.143251E+05,8.702181E+00,0.000000E+00,0.000000E+00,8.702179E+00,0.000000E+00,2.277313E+01,2.977387E+05,3.167562E+05,3.429497E+00,4.445546E+04,2.468056E+00,0.000000E+00,0.000000E+00,2.468056E+00,0.000000E+00,1.630522E+01,2.302015E+05,2.214305E+05
20:10:00,8.819459E+00,1.143238E+05,8.702181E+00,0.000000E+00,0.000000E+00,8.702179E+00,0.000000E+00,2.273801E+01,2.953981E+05,3.143032E+05,3.429361E+00,4.445369E+04,2.468056E+00,0.000000E+00,0.000000E+00,2.468056E+00,0.000000E+00,1.621110E+01,2.266979E+05,2.179447E+05
20:20:00,8.819349E+00,1.143224E+05,8.702181E+00,0.000000E+00,0.000000E+00,8.702179E+00,0.000000E+00,2.270514E+01,2.930830E+05,3.118902E+05,3.429320E+00,4.445317E+04,2.468056E+00,0.000000E+00,0.000000E+00,2.468056E+00,0.000000E+00,1.612457E+01,2.233248E+05,2.145855E+05
20:30:00,8.819239E+00,1.143209E+05,8.702181E+00,0.000000E+00,0.000000E+00,8.702179E+00,0.000000E+00,2.267410E+01,2.907885E+05,3.094982E+05,3.429366E+00,4.445376E+04,2.468056E+00,0.000000E+00,0.000000E+00,2.468056E+00,0.000000E+00,1.604421E+01,2.200594E+05,2.113311E+05
20:40:00,8.819121E+00,1.143194E+05,8.702181E+00,0.000000E+00,0.000000E+00,8.702179E+00,0.000000E+00,2.264456E+01,2.885106E+05,3.071217E+05,3.429356E+00,4.445364E+04,2.468056E+00,0.000000E+00,0.000000E+00,2.468056E+00,0.000000E+00,1.596886E+01,2.168837E+05,2.081640E+05
20:50:00,8.819010E+00,1.143180E+05,8.702181E+00,0.000000E+00,0.000000E+00,8.702179E+00,0.000000E+00,2.261623E+01,2.862465E+05,3.047610E+05,3.429390E+00,4.445407E+04,2.468056E+00,0.000000E+00,0.000000E+00,2.468056E+00,0.000000E+00,1.589766E+01,2.137841E+05,2.050709E+05
21:00:00,8.818905E+00,1.143166E+05,8.702181E+00,0.000000E+00,0.000000E+00,8.702179E+00,0.000000E+00,2.258888E+01,2.839933E+05,3.024141E+05,3.429412E+00,4.445436E+04,2.468056E+00,0.000000E+00,0.000000E+00,2.468056E+00,0.000000E+00,1.582986E+01,2.107488E+05,2.020406E+05
21:10:00,8.818807E+00,1.143153E+05,8.702181E+00,0.000000E+00,0.000000E+00,8.702179E+00,0.000000E+00,2.255689E+01,2.816881E+05,2.999977E+05,3.429433E+00,4.445462E+04,2.468056E+00,0.000000E+00,0.000000E+00,2.468056E+00,0.000000E+00,1.576418E+01,2.077597E+05,1.990555E+05
21:20:00,8.818717E+00,1.143142E+05,8.702181E+00,0.000000E+00,0.000000E+00,8.702179E+00,0.000000E+00,2.252534E+01,2.793876E+05,2.976322E+05,3.429453E+00,4.445488E+04,2.468056E+00,0.000000E+00,0.000000E+00,2.468056E+00,0.000000E+00,1.570023E+01,2.048106E+05,1.961099E+05
21:30:00,8.818636E+00,1.143131E+05,8.702181E+00,0.000000E+00,0.000000E+00,8.702179E+00,0.000000E+00,2.249410E+01,2.770908E+05,2.952480E+05,3.429472E+00,4.445513E+04,2.468056E+00,0.000000E+00,0.000000E+00,2.468056E+00,0.000000E+00,1.563766E+01,2.018967E+05,1.931989E+05
21:40:00,8.818568E+00,1.143122E+05,8.702181E+00,0.000000E+00,0.000000E+00,8.702179E+00,0.000000E+00,2.246311E+01,2.747968E+05,2.928442E+05,3.429491E+00,4.445538E+04,2.468056E+00,0.000000E+00,0.000000E+00,2.468056E+00,0.000000E+00,1.557623E+01,1.990141E+05,1.903188E+05
21:50:00,8.818512E+00,1.143115E+05,8.702181E+00,0.000000E+00,0.000000E+00,8.702179E+00,0.000000E+00,2.243232E+01,2.725049E+05,2.904395E+05,3.429509E+00,4.445562E+04,2.468056E+00,0.000000E+00,0.000000E+00,2.468056E+00,0.000000E+00,1.551573E+01,1.961596E+05,1.874663E+05
22:00:00,8.818469E+00,1.143110E+05,8.702181E+00,0.000000E+00,0.000000E+00,8.702179E+00,0.000000E+00,2.240167E+01,2.702147E+05,2.880397E+05,3.429527E+00,4.445585E+04,2.468056E+00,0.000000E+00,0.000000E+00,2.468056E+00,0.000000E+00,1.545599E+01,1.933309E+05,1.846397E+05
22:10:00,8.818446E+00,1.143107E+05,8.702181E+00,0.000000E+00,0.000000E+00,8.702179E+00,0.000000E+00,2.236246E+01,2.682606E+05,2.859524E+05,3.429634E+00,4.445723E+04,2.468056E+00,0.000000E+00,0.000000E+00,2.468056E+00,0.000000E+00,1.539767E+01,1.909949E+05,1.823123E+05
22:20:00,8.818435E+00,1.143105E+05,8.702181E+00,0.000000E+00,0.000000E+00,8.702179E+00,0.000000E+00,2.232368E+01,2.663115E+05,2.839657E+05,3.429731E+00,4.445850E+04,2.468056E+00,0.000000E+00,0.000000E+00,2.468056E+00,0.000000E+00,1.534072E+01,1.886878E+05,1.800131E+05
22:30:00,8.818425E+00,1.143104E+05,8.702181E+00,0.000000E+00,0.000000E+00,8.702179E+00,0.000000E+00,2.228535E+01,2.643674E+05,2.819367E+05,3.429693E+00,4.445800E+04,2.468056E+00,0.000000E+00,0.000000E+00,2.468056E+00,0.000000E+00,1.528509E+01,1.864088E+05,1.777412E+05
22:40:00,8.818445E+00,1.143106E+05,8.702181E+00,0.000000E+00,0.000000E+00,8.702179E+00,0.000000E+00,2.224748E+01,2.624284E+05,2.798647E+05,3.429741E+00,4.445863E+04,2.468056E+00,0.000000E+00,0.000000E+00,2.468056E+00,0.000000E+00,1.523074E+01,1.841568E+05,1.754959E+05
22:50:00,8.818479E+00,1.143111E+05,8.702181E+00,0.000000E+00,0.000000E+00,8.702179E+00,0.000000E+00,2.221006E+01,2.604945E+05,2.777914E+05,3.429741E+00,4.445862E+04,2.468056E+00,0.000000E+00,0.000000E+00,2.468056E+00,0.000000E+00,1.517765E+01,1.819314E+05,1.732766E+05
23:00:00,8.818535E+00,1.143118E+05,8.702181E+00,0.000000E+00,0.000000E+00,8.702179E+00,0.000000E+00,2.217310E+01,2.585657E+05,2.757305E+05,3.429752E+00,4.445876E+04,2.468056E+00,0.000000E+00,0.000000E+00,2.468056E+00,0.000000E+00,1.512581E+01,1.797318E+05,1.710829E+05
23:10:00,8.818609E+00,1.143128E+05,8.702181E+00,0.000000E+00,0.000000E+00,8.702179E+00,0.000000E+00,2.213964E+01,2.566764E+05,2.737240E+05,3.429764E+00,4.445892E+04,2.468056E+00,0.000000E+00,0.000000E+00,2.468056E+00,0.000000E+00,1.507442E+01,1.775483E+05,1.689049E+05
23:20:00,8.818701E+00,1.143140E+05,8.702181E+00,0.000000E+00,0.000000E+00,8.702179E+00,0.000000E+00,2.210632E+01,2.547884E+05,2.717990E+05,3.429777E+00,4.445908E+04,2.468056E+00,0.000000E+00,0.000000E+00,2.468056E+00,0.000000E+00,1.502342E+01,1.753801E+05,1.667422E+05
23:30:00,8.818805E+00,1.143153E+05,8.702181E+00,0.000000E+00,0.000000E+00,8.702179E+00,0.000000E+00,2.207310E+01,2.529017E+05,2.698358E+05,3.429790E+00,4.445925E+04,2.468056E+00,0.000000E+00,0.000000E+00,2.468056E+00,0.000000E+00,1.497278E+01,1.732267E+05,1.645941E+05
23:40:00,8.818937E+00,1.143170E+05,8.702181E+00,0.000000E+00,0.000000E+00,8.702179E+00,0.000000E+00,2.210692E+01,2.517682E+05,2.688402E+05,3.429984E+00,4.446178E+04,2.468056E+00,0.000000E+00,0.000000E+00,2.468056E+00,0.000000E+00,1.492263E+01,1.710895E+05,1.624622E+05
23:50:00,8.819059E+00,1.143186E+05,8.702181E+00,0.000000E+00,0.000000E+00,8.702179E+00,0.000000E+00,2.213767E+01,2.505998E+05,2.673852E+05,3.430099E+00,4.446326E+04,2.468056E+00,0.000000E+00,0.000000E+00,2.468056E+00,0.000000E+00,1.487271E+01,1.689653E+05,1.603433E+05
24:00:00,8.819149E+00,1.143198E+05,8.702181E+00,0.000000E+00,0.000000E+00,8.702179E+00,0.000000E+00,2.211685E+01,2.488522E+05,2.653882E+05,3.430198E+00,4.446455E+04,2.468056E+00,0.000000E+00,0.000000E+00,2.468056E+00,0.000000E+00,1.482317E+01,1.668559E+05,1.582395E+05
Coinc Peak   ,8.819657E+00,2.421954E+01,1.143264E+05,3.788145E+05,3.430198E+00,1.992826E+01,4.446455E+04,3.704640E+05
NonCoinc Peak,8.819945E+00,2.459666E+01,1.143264E+05,3.788145E+05,3.430198E+00,2.099782E+01,4.446455E+04,3.704640E+05
